PLAYER_ID,SEASON_ID,LEAGUE_ID,TEAM_ID,TEAM_ABBREVIATION,PLAYER_AGE,GP,GS,MIN,FGM,FGA,FG_PCT,FG3M,FG3A,FG3_PCT,FTM,FTA,FT_PCT,OREB,DREB,REB,AST,STL,BLK,TOV,PF,PTS
1505,2002-03,00,1610612742,DAL,28.0,14,0,204.0,27,58,0.466,0,1,0.0,3,6,0.5,14,26,40,21,6,3,7,26,57
949,2002-03,00,1610612737,ATL,26.0,81,81,3087.0,566,1183,0.478,21,60,0.35,455,541,0.841,175,502,677,242,87,38,212,240,1608
2042,2002-03,00,1610612740,NOH,26.0,66,7,1360.0,193,505,0.382,19,57,0.333,118,146,0.808,39,79,118,79,31,6,68,125,523
2124,2002-03,00,1610612748,MIA,25.0,80,73,2320.0,335,790,0.424,0,4,0.0,97,121,0.802,134,291,425,54,37,78,128,234,767
951,2002-03,00,1610612749,MIL,27.0,47,46,1683.0,351,803,0.437,123,311,0.395,178,195,0.913,45,173,218,164,57,11,117,149,1003
951,2002-03,00,1610612760,SEA,27.0,29,29,1197.0,247,560,0.441,78,222,0.351,138,150,0.92,49,114,163,170,46,3,81,71,710
951,2002-03,00,0,TOT,27.0,76,75,2880.0,598,1363,0.439,201,533,0.377,316,345,0.916,94,287,381,334,103,14,198,220,1713
1747,2002-03,00,1610612761,TOR,26.0,47,4,983.0,139,335,0.415,51,130,0.392,37,54,0.685,21,86,107,192,38,15,86,120,366
680,2002-03,00,1610612762,UTA,32.0,50,1,475.0,37,118,0.314,0,0,0.0,25,52,0.481,26,51,77,21,14,7,34,50,99
2365,2002-03,00,1610612743,DEN,24.0,59,3,903.0,114,285,0.4,0,1,0.0,77,140,0.55,109,165,274,32,30,60,60,90,305
1507,2002-03,00,1610612757,POR,28.0,76,76,2554.0,355,832,0.427,116,331,0.35,231,269,0.859,53,211,264,325,90,16,128,141,1057
72,2002-03,00,1610612760,SEA,32.0,38,1,689.0,102,232,0.44,0,5,0.0,29,35,0.829,17,70,87,121,40,1,33,63,233
72,2002-03,00,1610612740,NOH,32.0,23,1,446.0,61,150,0.407,1,2,0.5,16,22,0.727,14,31,45,77,18,4,42,43,139
72,2002-03,00,0,TOT,32.0,61,2,1135.0,163,382,0.427,1,7,0.143,45,57,0.789,31,101,132,198,58,5,75,106,372
1000,2002-03,00,1610612752,NYK,29.0,82,9,1729.0,248,537,0.462,52,140,0.371,139,190,0.732,64,190,254,87,73,20,114,177,687
2425,2002-03,00,1610612763,MEM,23.0,12,0,72.0,6,20,0.3,0,0,0.0,7,18,0.389,6,11,17,3,0,3,7,9,19
2240,2002-03,00,1610612744,GSW,21.0,82,82,2866.0,509,1180,0.431,109,313,0.348,370,468,0.791,97,289,386,514,124,17,290,260,1497
2220,2002-03,00,1610612751,NJN,23.0,17,0,70.0,9,27,0.333,1,6,0.167,5,6,0.833,0,4,4,2,3,1,5,8,24
353,2002-03,00,1610612753,ORL,35.0,82,23,2349.0,263,643,0.409,78,232,0.336,165,188,0.878,91,204,295,323,135,13,160,167,769
2306,2002-03,00,1610612762,UTA,23.0,44,0,287.0,50,109,0.459,3,7,0.429,18,22,0.818,11,15,26,53,12,1,30,28,121
1088,2002-03,00,1610612765,DET,28.0,65,7,1398.0,168,465,0.361,86,242,0.355,40,49,0.816,21,75,96,175,27,4,77,108,462
278,2002-03,00,1610612740,NOH,34.0,70,3,862.0,79,192,0.411,0,7,0.0,54,72,0.75,26,93,119,69,27,9,40,80,212
2053,2002-03,00,1610612741,CHI,22.0,10,0,76.0,8,26,0.308,0,0,0.0,3,4,0.75,7,13,20,4,3,3,5,11,19
452,2002-03,00,1610612738,BOS,31.0,52,9,942.0,99,207,0.478,0,4,0.0,72,107,0.673,90,108,198,29,22,30,61,146,270
699,2002-03,00,1610612760,SEA,31.0,75,68,2482.0,264,577,0.458,118,293,0.403,128,161,0.795,48,253,301,384,113,15,142,199,774
468,2002-03,00,1610612765,DET,33.0,80,0,1473.0,191,424,0.45,87,214,0.407,86,100,0.86,33,147,180,206,63,14,81,104,555
1766,2002-03,00,1610612761,TOR,27.0,16,0,104.0,15,25,0.6,0,0,0.0,10,12,0.833,4,19,23,0,4,11,6,16,40
2471,2002-03,00,1610612763,MEM,25.0,75,2,1250.0,197,467,0.422,18,81,0.222,69,88,0.784,82,175,257,52,42,16,69,120,481
1499,2002-03,00,1610612738,BOS,27.0,67,62,1685.0,199,369,0.539,1,5,0.2,88,118,0.746,148,285,433,49,33,81,48,197,487
2203,2002-03,00,1610612763,MEM,24.0,78,47,2382.0,275,569,0.483,86,216,0.398,120,145,0.828,128,217,345,105,102,88,68,207,756
2437,2002-03,00,1610612741,CHI,24.0,55,0,684.0,96,206,0.466,0,2,0.0,70,103,0.68,65,100,165,16,9,22,46,135,262
1952,2002-03,00,1610612742,DAL,26.0,75,32,1174.0,93,211,0.441,21,51,0.412,23,34,0.676,47,98,145,57,52,8,43,134,230
1886,2002-03,00,1610612754,IND,22.0,46,2,819.0,112,254,0.441,19,53,0.358,60,84,0.714,42,91,133,42,8,56,42,86,303
1736,2002-03,00,1610612737,ATL,25.0,9,0,151.0,13,43,0.302,2,13,0.154,12,16,0.75,10,21,31,10,1,2,6,20,40
696,2002-03,00,1610612748,MIA,30.0,72,52,1805.0,231,583,0.396,36,109,0.33,105,123,0.854,26,121,147,255,44,7,106,174,603
1710,2002-03,00,1610612758,SAC,25.0,55,55,1835.0,329,700,0.47,56,137,0.409,161,187,0.861,34,113,147,285,72,8,127,93,875
1497,2002-03,00,1610612765,DET,26.0,74,74,2327.0,366,870,0.421,149,380,0.392,318,362,0.878,38,235,273,287,63,15,134,136,1199
916,2002-03,00,1610612741,CHI,34.0,50,3,836.0,65,134,0.485,0,0,0.0,20,35,0.571,68,137,205,50,33,19,43,121,150
1548,2002-03,00,1610612743,DEN,27.0,54,24,885.0,105,267,0.393,0,0,0.0,71,99,0.717,62,121,183,35,22,51,70,112,281
1548,2002-03,00,1610612738,BOS,27.0,27,7,518.0,45,80,0.563,0,0,0.0,30,40,0.75,49,76,125,21,20,17,33,75,120
1548,2002-03,00,0,TOT,27.0,81,31,1407.0,150,347,0.432,0,0,0.0,101,139,0.727,111,197,308,56,42,68,103,187,401
1916,2002-03,00,1610612760,SEA,27.0,47,0,575.0,52,119,0.437,0,2,0.0,34,47,0.723,32,77,109,12,11,33,22,74,138
2430,2002-03,00,1610612739,CLE,21.0,81,54,2048.0,331,618,0.536,0,1,0.0,148,192,0.771,202,407,609,106,59,50,103,224,810
2257,2002-03,00,1610612757,POR,25.0,2,0,5.0,0,1,0.0,0,0,0.0,0,0,0.0,1,0,1,1,1,0,0,0,0
1477,2002-03,00,1610612759,SAS,32.0,82,82,2568.0,223,479,0.466,101,229,0.441,36,89,0.404,59,180,239,113,66,42,72,195,583
1763,2002-03,00,1610612743,DEN,27.0,62,31,996.0,97,197,0.492,2,7,0.286,27,41,0.659,78,79,157,54,65,29,43,82,223
1863,2002-03,00,1610612744,GSW,27.0,68,0,1322.0,199,464,0.429,29,77,0.377,173,200,0.865,35,53,88,221,38,4,73,75,600
2214,2002-03,00,1610612761,TOR,24.0,67,11,1312.0,151,314,0.481,1,6,0.167,35,67,0.522,162,247,409,67,16,32,76,125,338
762,2002-03,00,1610612742,DAL,31.0,81,39,1728.0,201,375,0.536,0,1,0.0,141,175,0.806,151,325,476,54,65,170,67,242,543
1882,2002-03,00,1610612746,LAC,24.0,62,61,2450.0,451,899,0.502,0,1,0.0,244,356,0.685,283,420,703,157,71,158,161,204,1146
2452,2002-03,00,1610612738,BOS,22.0,64,41,1501.0,171,464,0.369,101,286,0.353,85,111,0.766,18,127,145,164,38,3,59,80,528
2249,2002-03,00,1610612754,IND,22.0,10,0,80.0,9,17,0.529,0,2,0.0,4,9,0.444,5,4,9,18,2,1,6,11,22
2056,2002-03,00,1610612754,IND,23.0,22,1,108.0,15,38,0.395,0,1,0.0,12,20,0.6,13,10,23,4,2,4,7,16,42
2245,2002-03,00,1610612761,TOR,24.0,5,3,115.0,11,35,0.314,0,2,0.0,6,8,0.75,3,12,15,3,1,0,6,14,28
2484,2002-03,00,1610612759,SAS,24.0,7,0,22.0,5,10,0.5,0,0,0.0,2,2,1.0,4,3,7,2,0,0,5,3,12
2484,2002-03,00,1610612743,DEN,24.0,3,2,70.0,7,25,0.28,0,1,0.0,4,6,0.667,4,7,11,5,4,1,4,11,18
2484,2002-03,00,0,TOT,24.0,10,2,92.0,12,35,0.343,0,1,0.0,6,8,0.75,8,10,18,7,4,1,9,14,30
2208,2002-03,00,1610612738,BOS,22.0,51,5,667.0,61,171,0.357,3,39,0.077,20,32,0.625,45,95,140,20,34,13,23,68,145
2198,2002-03,00,1610612764,WAS,21.0,80,20,1778.0,224,502,0.446,0,3,0.0,145,217,0.668,128,298,426,58,50,80,110,159,593
136,2002-03,00,1610612740,NOH,33.0,78,78,2616.0,319,601,0.531,0,3,0.0,194,232,0.836,243,458,701,147,67,80,98,203,832
753,2002-03,00,1610612756,PHX,35.0,32,0,260.0,16,43,0.372,0,0,0.0,9,12,0.75,3,23,26,35,17,2,17,36,41
2357,2002-03,00,1610612739,CLE,24.0,15,0,168.0,27,59,0.458,0,1,0.0,11,14,0.786,8,22,30,39,13,0,22,9,65
1594,2002-03,00,1610612741,CHI,31.0,17,0,196.0,23,50,0.46,4,6,0.667,10,12,0.833,4,15,19,36,10,3,17,20,60
977,2002-03,00,1610612747,LAL,24.0,82,82,3404.0,868,1924,0.451,124,324,0.383,601,713,0.843,106,458,564,481,181,67,288,218,2461
95,2002-03,00,1610612755,PHI,38.0,11,0,76.0,5,17,0.294,0,0,0.0,2,2,1.0,7,9,16,1,1,1,5,12,12
95,2002-03,00,1610612743,DEN,38.0,3,0,15.0,0,1,0.0,0,0,0.0,1,2,0.5,1,1,2,2,0,0,2,4,1
95,2002-03,00,1610612738,BOS,38.0,2,0,8.0,0,1,0.0,0,0,0.0,0,0,0.0,0,2,2,1,0,0,0,2,0
95,2002-03,00,0,TOT,38.0,16,0,99.0,5,19,0.263,0,0,0.0,3,4,0.75,8,12,20,4,1,1,7,18,13
1761,2002-03,00,1610612755,PHI,26.0,75,5,1516.0,185,398,0.465,15,55,0.273,65,81,0.802,72,144,216,96,72,16,62,203,450
2469,2002-03,00,1610612753,ORL,29.0,62,8,786.0,113,296,0.382,1,7,0.143,40,58,0.69,57,89,146,23,19,25,47,99,267
2406,2002-03,00,1610612748,MIA,23.0,78,78,2856.0,429,1032,0.416,34,107,0.318,309,375,0.824,135,262,397,213,137,31,192,230,1201
2446,2002-03,00,1610612748,MIA,24.0,72,28,1515.0,207,572,0.362,50,171,0.292,76,104,0.731,29,157,186,93,21,43,77,105,540
679,2002-03,00,1610612749,MIL,30.0,51,16,895.0,113,248,0.456,0,0,0.0,69,106,0.651,68,108,176,38,19,15,56,122,295
948,2002-03,00,1610612743,DEN,29.0,29,9,616.0,93,227,0.41,2,5,0.4,33,50,0.66,75,133,208,47,20,40,27,69,221
922,2002-03,00,1610612740,NOH,34.0,41,1,685.0,101,247,0.409,0,1,0.0,93,115,0.809,34,108,142,42,24,31,42,102,295
922,2002-03,00,1610612760,SEA,34.0,15,0,184.0,16,48,0.333,0,0,0.0,16,21,0.762,13,26,39,9,9,8,8,27,48
922,2002-03,00,0,TOT,34.0,56,1,868.0,117,295,0.397,0,1,0.0,109,136,0.801,47,134,181,51,33,39,50,129,343
2073,2002-03,00,1610612764,WAS,26.0,5,0,14.0,1,4,0.25,0,1,0.0,2,2,1.0,3,2,5,1,0,0,1,0,4
1853,2002-03,00,1610612748,MIA,28.0,49,26,913.0,83,233,0.356,0,8,0.0,33,50,0.66,12,71,83,203,45,5,81,70,199
1713,2002-03,00,1610612761,TOR,26.0,43,42,1470.0,355,760,0.467,45,131,0.344,129,160,0.806,59,129,188,143,48,41,74,121,884
208,2002-03,00,1610612749,MIL,33.0,78,77,2700.0,546,1162,0.47,59,163,0.362,385,447,0.861,57,285,342,450,88,14,177,216,1536
1509,2002-03,00,1610612745,HOU,28.0,73,5,1252.0,133,256,0.52,0,4,0.0,66,124,0.532,132,296,428,20,38,85,56,176,332
2199,2002-03,00,1610612741,CHI,20.0,75,68,1825.0,257,484,0.531,0,0,0.0,177,291,0.608,169,345,514,76,37,106,135,220,691
384,2002-03,00,1610612762,UTA,31.0,81,74,2351.0,325,651,0.499,10,25,0.4,40,69,0.58,73,211,284,163,65,13,108,225,700
164,2002-03,00,1610612751,NJN,35.0,12,0,105.0,6,20,0.3,1,6,0.167,2,3,0.667,3,2,5,16,8,1,6,17,15
57,2002-03,00,1610612758,SAC,33.0,80,80,2710.0,267,557,0.479,73,185,0.395,141,174,0.81,61,281,342,376,180,37,144,186,748
1721,2002-03,00,1610612758,SAC,28.0,80,11,1779.0,226,451,0.501,0,4,0.0,84,128,0.656,138,313,451,80,38,150,94,227,536
2049,2002-03,00,1610612759,SAS,25.0,30,0,469.0,67,145,0.462,0,11,0.0,39,57,0.684,22,34,56,75,22,7,35,43,173
2043,2002-03,00,1610612758,SAC,25.0,12,0,55.0,6,23,0.261,1,1,1.0,3,4,0.75,1,7,8,10,2,0,14,6,16
934,2002-03,00,1610612755,PHI,36.0,64,35,1742.0,223,498,0.448,22,67,0.328,134,171,0.784,151,299,450,87,53,69,96,171,602
902,2002-03,00,1610612739,CLE,35.0,21,11,516.0,34,119,0.286,7,25,0.28,27,34,0.794,10,38,48,56,11,4,18,43,102
902,2002-03,00,1610612738,BOS,35.0,14,0,174.0,22,49,0.449,0,7,0.0,8,8,1.0,1,10,11,16,6,0,10,17,52
902,2002-03,00,0,TOT,35.0,35,11,690.0,56,168,0.333,7,32,0.219,35,42,0.833,11,48,59,72,17,4,28,60,154
2044,2002-03,00,1610612745,HOU,25.0,13,3,105.0,17,36,0.472,0,0,0.0,2,2,1.0,12,17,29,1,2,1,2,10,36
2260,2002-03,00,1610612762,UTA,24.0,22,7,421.0,38,86,0.442,0,1,0.0,44,62,0.71,32,28,60,14,5,6,19,70,120
2215,2002-03,00,1610612751,NJN,24.0,81,66,1900.0,140,338,0.414,0,4,0.0,180,236,0.763,136,232,368,87,47,44,85,252,460
1544,2002-03,00,1610612737,ATL,28.0,5,0,38.0,8,13,0.615,1,3,0.333,7,8,0.875,3,4,7,1,2,3,2,7,24
2037,2002-03,00,1610612741,CHI,23.0,80,31,1992.0,334,808,0.413,86,242,0.355,104,129,0.806,21,164,185,334,77,25,134,126,858
1506,2002-03,00,1610612754,IND,28.0,49,0,631.0,86,209,0.411,27,69,0.391,53,65,0.815,40,115,155,56,6,13,28,48,252
180,2002-03,00,1610612743,DEN,33.0,12,0,180.0,14,41,0.341,4,13,0.308,9,15,0.6,1,14,15,29,3,0,9,16,41
2201,2002-03,00,1610612741,CHI,20.0,81,48,1577.0,335,573,0.585,0,0,0.0,179,287,0.624,116,237,353,37,18,62,137,226,849
688,2002-03,00,1610612765,DET,34.0,78,77,1555.0,92,229,0.402,16,54,0.296,36,45,0.8,16,111,127,104,44,4,43,163,236
956,2002-03,00,1610612744,GSW,27.0,82,82,1977.0,259,522,0.496,0,2,0.0,155,222,0.698,248,295,543,58,27,154,112,242,673
1498,2002-03,00,1610612757,POR,28.0,67,2,871.0,84,186,0.452,18,59,0.305,65,76,0.855,11,61,72,85,33,9,32,43,251
213,2002-03,00,1610612761,TOR,34.0,53,52,1894.0,261,641,0.407,0,0,0.0,216,280,0.771,130,307,437,131,23,62,118,150,738
1884,2002-03,00,1610612740,NOH,24.0,50,47,1893.0,332,798,0.416,99,283,0.35,93,131,0.71,56,130,186,320,91,22,140,148,856
905,2002-03,00,1610612757,POR,34.0,78,78,2281.0,237,438,0.541,0,0,0.0,105,166,0.633,233,331,564,94,51,70,71,189,579
1023,2002-03,00,1610612737,ATL,34.0,24,1,340.0,32,88,0.364,7,29,0.241,17,22,0.773,5,38,43,36,12,2,25,28,88
93,2002-03,00,1610612765,DET,33.0,43,1,323.0,31,79,0.392,12,36,0.333,5,6,0.833,6,30,36,29,5,0,11,23,79
1729,2002-03,00,1610612739,CLE,23.0,79,76,3131.0,602,1470,0.41,74,204,0.363,348,465,0.748,97,293,390,436,125,36,277,180,1626
692,2002-03,00,1610612753,ORL,30.0,77,21,1330.0,149,279,0.534,0,0,0.0,67,104,0.644,142,197,339,52,39,36,84,258,365
960,2002-03,00,1610612738,BOS,29.0,67,39,1873.0,233,560,0.416,120,304,0.395,68,87,0.782,41,191,232,146,72,10,69,124,654
2424,2002-03,00,1610612737,ATL,24.0,50,0,518.0,70,170,0.412,22,61,0.361,21,26,0.808,9,34,43,85,14,2,53,66,183
1722,2002-03,00,1610612763,MEM,28.0,6,1,87.0,10,24,0.417,4,11,0.364,5,5,1.0,1,5,6,8,5,1,6,16,29
2205,2002-03,00,1610612739,CLE,21.0,80,1,946.0,54,154,0.351,0,0,0.0,11,30,0.367,63,152,215,43,33,81,56,148,119
124,2002-03,00,1610612758,SAC,35.0,80,80,2384.0,305,655,0.466,6,25,0.24,179,251,0.713,157,417,574,274,83,105,152,239,795
2413,2002-03,00,1610612764,WAS,24.0,42,3,649.0,104,271,0.384,25,84,0.298,37,46,0.804,13,59,72,40,26,3,42,54,270
1720,2002-03,00,1610612752,NYK,26.0,75,0,1040.0,146,343,0.426,0,0,0.0,36,46,0.783,65,154,219,42,16,16,49,150,328
2039,2002-03,00,1610612746,LAC,23.0,55,1,969.0,128,329,0.389,50,139,0.36,44,57,0.772,9,63,72,89,24,6,60,93,350
1724,2002-03,00,1610612740,NOH,28.0,13,0,80.0,8,27,0.296,3,7,0.429,0,0,0.0,4,9,13,11,2,0,3,2,19
201,2002-03,00,1610612757,POR,38.0,3,0,10.0,0,1,0.0,0,0,0.0,0,0,0.0,2,0,2,0,0,0,0,3,0
1495,2002-03,00,1610612759,SAS,27.0,81,81,3181.0,714,1392,0.513,6,22,0.273,450,634,0.71,259,784,1043,316,55,237,248,231,1884
2399,2002-03,00,1610612744,GSW,22.0,82,3,1306.0,168,417,0.403,52,150,0.347,78,100,0.78,66,148,214,106,53,19,86,120,466
458,2002-03,00,1610612752,NYK,30.0,82,76,2243.0,262,628,0.417,131,337,0.389,89,105,0.848,24,162,186,444,71,9,149,222,744
111,2002-03,00,1610612748,MIA,33.0,55,3,781.0,100,262,0.382,27,107,0.252,50,66,0.758,44,113,157,15,15,15,31,88,277
2408,2002-03,00,1610612746,LAC,25.0,52,7,803.0,92,186,0.495,0,0,0.0,52,74,0.703,64,110,174,15,10,32,50,95,236
1915,2002-03,00,1610612742,DAL,28.0,17,3,135.0,7,19,0.368,0,0,0.0,3,4,0.75,10,19,29,6,10,7,6,35,17
2501,2002-03,00,1610612760,SEA,23.0,67,60,1369.0,66,140,0.471,0,0,0.0,80,154,0.519,167,278,445,34,38,11,52,173,212
198,2002-03,00,1610612759,SAS,36.0,64,1,600.0,44,124,0.355,21,60,0.35,10,13,0.769,20,55,75,21,7,9,27,55,119
714,2002-03,00,1610612742,DAL,30.0,69,69,2642.0,507,1193,0.425,119,322,0.37,198,230,0.861,107,295,402,205,76,21,114,105,1331
965,2002-03,00,1610612747,LAL,28.0,82,82,2829.0,339,775,0.437,85,212,0.401,100,125,0.8,40,199,239,298,93,15,94,195,863
2033,2002-03,00,1610612741,CHI,24.0,38,0,808.0,178,383,0.465,1,6,0.167,88,134,0.657,80,136,216,48,14,17,57,89,445
2228,2002-03,00,1610612756,PHX,22.0,11,0,29.0,3,9,0.333,0,0,0.0,1,3,0.333,0,6,6,1,0,0,2,7,7
2218,2002-03,00,1610612760,SEA,22.0,17,0,85.0,10,35,0.286,0,3,0.0,4,6,0.667,4,7,11,11,4,0,10,6,24
1504,2002-03,00,1610612744,GSW,27.0,17,0,221.0,20,54,0.37,0,1,0.0,19,29,0.655,28,45,73,12,9,0,15,43,59
323,2002-03,00,1610612761,TOR,34.0,29,9,539.0,47,122,0.385,1,4,0.25,26,32,0.813,30,72,102,13,1,9,30,82,121
1902,2002-03,00,1610612754,IND,26.0,77,2,803.0,64,178,0.36,0,2,0.0,34,63,0.54,118,161,279,51,28,21,34,103,162
1762,2002-03,00,1610612746,LAC,27.0,37,10,573.0,56,128,0.438,2,9,0.222,50,59,0.847,41,62,103,23,25,2,20,63,164
296,2002-03,00,1610612747,LAL,33.0,76,75,2181.0,262,621,0.422,105,280,0.375,52,69,0.754,64,259,323,253,69,14,121,215,681
1502,2002-03,00,1610612744,GSW,28.0,82,0,1786.0,185,345,0.536,0,1,0.0,70,104,0.673,176,314,490,37,40,205,73,214,440
1883,2002-03,00,1610612745,HOU,26.0,81,81,3322.0,571,1312,0.435,85,240,0.354,476,595,0.8,159,340,499,502,141,41,299,251,1703
1444,2002-03,00,1610612758,SAC,32.0,27,0,228.0,32,72,0.444,0,0,0.0,10,17,0.588,17,38,55,8,1,11,6,25,74
2429,2002-03,00,1610612749,MIL,25.0,49,30,759.0,70,145,0.483,0,1,0.0,29,56,0.518,66,131,197,9,22,52,27,125,169
708,2002-03,00,1610612750,MIN,27.0,82,82,3322.0,743,1481,0.502,20,71,0.282,377,502,0.751,244,858,1102,495,113,129,229,199,1883
1727,2002-03,00,1610612753,ORL,26.0,81,53,2587.0,312,744,0.419,161,407,0.396,83,100,0.83,72,234,306,121,62,20,77,255,868
2200,2002-03,00,1610612763,MEM,22.0,82,82,2948.0,569,1116,0.51,1,10,0.1,416,565,0.736,192,528,720,229,34,148,213,220,1555
1904,2002-03,00,1610612747,LAL,25.0,71,7,1612.0,180,461,0.39,49,132,0.371,83,105,0.79,91,195,286,92,56,38,65,180,492
383,2002-03,00,1610612750,MIN,35.0,82,34,2070.0,286,677,0.422,19,59,0.322,123,161,0.764,51,197,248,156,78,15,108,176,714
1938,2002-03,00,1610612759,SAS,25.0,69,5,1431.0,174,397,0.438,51,148,0.345,126,171,0.737,47,114,161,138,96,17,100,170,525
1921,2002-03,00,1610612763,MEM,26.0,49,35,1187.0,207,478,0.433,46,130,0.354,88,107,0.822,18,90,108,70,22,6,94,104,548
1921,2002-03,00,1610612753,ORL,26.0,27,27,961.0,143,325,0.44,39,119,0.328,62,76,0.816,18,112,130,67,30,2,51,55,387
1921,2002-03,00,0,TOT,26.0,76,62,2154.0,350,803,0.436,85,249,0.341,150,183,0.82,36,202,238,137,52,8,145,159,935
1901,2002-03,00,1610612737,ATL,24.0,76,42,1888.0,277,648,0.427,56,158,0.354,127,162,0.784,62,220,282,141,71,15,108,146,737
924,2002-03,00,1610612759,SAS,31.0,10,0,52.0,5,18,0.278,2,8,0.25,0,2,0.0,0,3,3,3,3,0,2,5,12
924,2002-03,00,1610612764,WAS,31.0,5,0,34.0,4,7,0.571,1,1,1.0,4,5,0.8,0,3,3,1,0,0,4,1,13
924,2002-03,00,0,TOT,31.0,15,0,86.0,9,25,0.36,3,9,0.333,4,7,0.571,0,6,6,4,3,0,6,6,25
2400,2002-03,00,1610612763,MEM,21.0,51,29,1329.0,255,576,0.443,14,46,0.304,92,132,0.697,105,190,295,63,38,22,105,121,616
2400,2002-03,00,1610612753,ORL,21.0,19,18,544.0,100,201,0.498,0,2,0.0,59,80,0.738,58,102,160,20,15,13,45,51,259
2400,2002-03,00,0,TOT,21.0,70,47,1876.0,355,777,0.457,14,48,0.292,151,212,0.712,163,292,455,83,53,35,150,172,875
258,2002-03,00,1610612748,MIA,31.0,82,82,2641.0,344,676,0.509,0,0,0.0,158,205,0.771,241,596,837,104,63,47,129,300,846
270,2002-03,00,1610612753,ORL,37.0,5,1,85.0,13,25,0.52,0,0,0.0,0,0,0.0,2,6,8,7,3,0,1,5,26
1559,2002-03,00,1610612742,DAL,28.0,74,48,1370.0,146,337,0.433,6,24,0.25,27,32,0.844,88,176,264,105,77,6,47,157,325
2204,2002-03,00,1610612745,HOU,21.0,77,66,1890.0,271,678,0.4,64,192,0.333,58,94,0.617,138,323,461,86,52,111,76,136,664
339,2002-03,00,1610612756,PHX,33.0,27,11,445.0,60,132,0.455,0,1,0.0,9,9,1.0,25,75,100,31,14,5,31,35,129
2062,2002-03,00,1610612744,GSW,25.0,2,0,9.0,0,4,0.0,0,1,0.0,0,0,0.0,0,0,0,2,1,0,1,0,0
2409,2002-03,00,1610612749,MIL,22.0,39,8,441.0,66,153,0.431,3,12,0.25,26,38,0.684,21,32,53,9,7,18,21,55,161
1032,2002-03,00,1610612737,ATL,29.0,75,1,925.0,71,159,0.447,0,3,0.0,38,79,0.481,73,80,153,38,16,19,65,127,180
1888,2002-03,00,1610612765,DET,25.0,82,82,2640.0,570,1286,0.443,32,119,0.269,440,528,0.833,88,230,318,208,64,13,200,249,1612
1985,2002-03,00,1610612761,TOR,28.0,3,0,11.0,2,5,0.4,0,0,0.0,2,2,1.0,1,3,4,0,1,0,1,2,6
896,2002-03,00,1610612754,IND,36.0,10,0,126.0,18,49,0.367,11,31,0.355,2,4,0.5,1,14,15,24,9,0,11,8,49
1723,2002-03,00,1610612762,UTA,27.0,78,69,2556.0,521,1020,0.511,66,160,0.413,262,331,0.792,190,324,514,133,73,17,160,217,1370
2492,2002-03,00,1610612742,DAL,22.0,13,0,34.0,4,17,0.235,1,3,0.333,2,2,1.0,0,2,2,2,1,1,2,2,11
2492,2002-03,00,1610612743,DEN,22.0,6,0,75.0,7,20,0.35,4,11,0.364,1,2,0.5,1,5,6,10,1,0,0,6,19
2492,2002-03,00,0,TOT,22.0,19,0,110.0,11,37,0.297,5,14,0.357,3,4,0.75,1,7,8,12,2,1,2,8,30
1733,2002-03,00,1610612754,IND,23.0,82,37,2468.0,389,896,0.434,13,46,0.283,211,274,0.77,159,352,511,125,71,33,163,280,1002
2454,2002-03,00,1610612743,DEN,22.0,82,51,2000.0,169,467,0.362,7,28,0.25,73,112,0.652,44,206,250,277,80,15,157,250,418
970,2002-03,00,1610612752,NYK,29.0,74,64,1846.0,225,443,0.508,0,0,0.0,123,150,0.82,165,311,476,62,12,23,90,231,573
446,2002-03,00,1610612751,NJN,32.0,77,25,1972.0,298,721,0.413,47,136,0.346,152,189,0.804,63,169,232,155,53,8,71,95,795
176,2002-03,00,1610612737,ATL,32.0,4,0,33.0,2,5,0.4,0,0,0.0,0,0,0.0,1,5,6,0,1,4,3,7,4
2051,2002-03,00,1610612743,DEN,22.0,77,27,1613.0,246,551,0.446,1,7,0.143,118,176,0.67,125,284,409,100,48,27,123,203,611
2239,2002-03,00,1610612741,CHI,24.0,82,53,1997.0,144,392,0.367,13,40,0.325,41,55,0.745,37,218,255,151,45,61,83,197,342
2213,2002-03,00,1610612740,NOH,24.0,12,0,58.0,2,17,0.118,0,3,0.0,2,4,0.5,0,7,7,3,0,5,7,10,6
1038,2002-03,00,1610612745,HOU,29.0,58,10,681.0,57,148,0.385,10,24,0.417,10,20,0.5,16,62,78,47,29,6,29,57,134
2217,2002-03,00,1610612764,WAS,23.0,81,69,1930.0,173,339,0.51,0,0,0.0,155,245,0.633,192,212,404,29,32,119,65,225,501
673,2002-03,00,1610612737,ATL,30.0,82,3,1494.0,153,327,0.468,0,2,0.0,88,138,0.638,156,242,398,41,33,32,61,168,394
255,2002-03,00,1610612753,ORL,30.0,29,29,841.0,151,307,0.492,1,4,0.25,118,144,0.819,40,166,206,122,28,13,84,46,421
238,2002-03,00,1610612739,CLE,35.0,32,25,858.0,85,197,0.431,0,0,0.0,33,45,0.733,70,197,267,32,31,19,52,104,203
238,2002-03,00,1610612755,PHI,35.0,24,18,496.0,44,109,0.404,0,0,0.0,21,35,0.6,56,68,124,9,15,7,16,68,109
238,2002-03,00,0,TOT,35.0,56,43,1353.0,129,306,0.422,0,0,0.0,54,80,0.675,126,265,391,41,46,26,68,172,312
697,2002-03,00,1610612741,CHI,30.0,63,0,786.0,49,126,0.389,5,21,0.238,41,50,0.82,11,126,137,70,40,5,25,59,144
109,2002-03,00,1610612747,LAL,32.0,80,26,2343.0,184,476,0.387,51,177,0.288,103,134,0.769,181,333,514,233,96,61,112,247,522
2067,2002-03,00,1610612748,MIA,25.0,55,7,1025.0,172,444,0.387,36,120,0.3,31,36,0.861,17,84,101,87,44,1,46,73,411
275,2002-03,00,1610612752,NYK,32.0,82,82,3110.0,652,1465,0.445,178,450,0.396,363,395,0.919,26,205,231,220,54,7,178,191,1845
436,2002-03,00,1610612743,DEN,30.0,77,77,2730.0,567,1261,0.45,2,4,0.5,282,351,0.803,181,404,585,234,77,27,189,239,1418
1607,2002-03,00,1610612750,MIN,27.0,79,74,2602.0,409,956,0.428,97,266,0.365,208,231,0.9,42,141,183,452,60,7,182,160,1123
1572,2002-03,00,1610612761,TOR,28.0,7,0,78.0,9,25,0.36,0,0,0.0,5,8,0.625,9,14,23,5,1,3,3,13,23
1716,2002-03,00,1610612764,WAS,24.0,67,56,2137.0,346,741,0.467,29,79,0.367,136,186,0.731,67,241,308,205,86,24,136,149,857
2415,2002-03,00,1610612753,ORL,23.0,35,1,322.0,23,85,0.271,0,0,0.0,18,28,0.643,30,39,69,7,4,16,21,57,64
2415,2002-03,00,1610612763,MEM,23.0,13,0,122.0,12,35,0.343,0,0,0.0,5,11,0.455,4,26,30,4,5,2,2,18,29
2415,2002-03,00,0,TOT,23.0,48,1,443.0,35,120,0.292,0,0,0.0,23,39,0.59,34,65,99,11,9,18,23,75,93
283,2002-03,00,1610612761,TOR,32.0,29,0,672.0,106,302,0.351,34,107,0.318,34,47,0.723,15,44,59,71,35,5,57,50,280
2212,2002-03,00,1610612753,ORL,21.0,33,5,447.0,56,103,0.544,0,0,0.0,18,44,0.409,38,55,93,6,9,36,15,56,130
980,2002-03,00,1610612739,CLE,28.0,81,81,2432.0,495,1122,0.441,0,5,0.0,400,512,0.781,240,371,611,127,56,152,210,274,1390
947,2002-03,00,1610612755,PHI,28.0,82,82,3484.0,804,1940,0.414,84,303,0.277,570,736,0.774,68,276,344,454,225,13,286,149,2262
1517,2002-03,00,1610612758,SAC,30.0,59,26,1673.0,340,732,0.464,89,235,0.379,126,149,0.846,57,162,219,182,71,3,106,126,895
1983,2002-03,00,1610612761,TOR,27.0,24,1,286.0,21,68,0.309,1,9,0.111,23,27,0.852,10,15,25,39,9,3,19,24,66
1983,2002-03,00,1610612737,ATL,27.0,29,0,273.0,19,42,0.452,0,1,0.0,17,28,0.607,9,23,32,35,10,3,15,27,55
1983,2002-03,00,0,TOT,27.0,53,1,555.0,40,110,0.364,1,10,0.1,40,55,0.727,19,38,57,74,19,6,34,51,121
754,2002-03,00,1610612758,SAC,32.0,63,0,1310.0,204,462,0.442,32,71,0.451,47,55,0.855,84,178,262,118,31,4,80,132,487
1531,2002-03,00,1610612750,MIN,28.0,77,0,1041.0,153,349,0.438,1,1,1.0,114,149,0.765,86,139,225,37,24,30,59,137,421
349,2002-03,00,1610612762,UTA,38.0,82,0,1467.0,147,369,0.398,27,95,0.284,61,80,0.763,34,142,176,375,48,3,152,90,382
1536,2002-03,00,1610612759,SAS,25.0,80,58,2252.0,356,818,0.435,95,297,0.32,139,183,0.76,66,220,286,183,125,30,176,202,946
2418,2002-03,00,1610612756,PHX,22.0,72,0,1145.0,122,327,0.373,52,165,0.315,72,105,0.686,29,54,83,73,35,6,55,90,368
1744,2002-03,00,1610612760,SEA,27.0,51,16,765.0,111,232,0.478,0,0,0.0,54,92,0.587,78,138,216,27,12,82,75,166,276
2229,2002-03,00,1610612748,MIA,28.0,78,8,1723.0,218,585,0.373,67,228,0.294,104,142,0.732,26,123,149,246,64,5,108,176,607
1712,2002-03,00,1610612744,GSW,27.0,82,82,3226.0,691,1471,0.47,65,209,0.311,375,475,0.789,195,383,578,156,76,45,177,197,1822
2060,2002-03,00,1610612746,LAC,24.0,66,12,1379.0,179,446,0.401,53,166,0.319,79,105,0.752,35,125,160,193,97,11,103,125,490
2423,2002-03,00,1610612761,TOR,23.0,51,10,667.0,75,194,0.387,18,54,0.333,29,43,0.674,16,43,59,22,19,16,45,56,197
2210,2002-03,00,1610612751,NJN,23.0,80,80,2874.0,456,911,0.501,6,24,0.25,324,436,0.743,150,364,514,201,80,44,156,216,1242
2407,2002-03,00,1610612764,WAS,21.0,20,1,290.0,30,63,0.476,3,6,0.5,16,29,0.552,26,32,58,16,8,5,21,28,79
1533,2002-03,00,1610612751,NJN,28.0,66,2,843.0,103,231,0.446,13,35,0.371,51,74,0.689,13,65,78,86,37,5,41,93,270
422,2002-03,00,1610612742,DAL,38.0,48,0,427.0,63,150,0.42,0,2,0.0,30,39,0.769,10,21,31,64,15,1,29,26,156
911,2002-03,00,1610612749,MIL,35.0,69,17,1171.0,61,135,0.452,0,0,0.0,30,44,0.682,117,177,294,24,34,63,34,178,152
2207,2002-03,00,1610612756,PHX,22.0,82,34,2253.0,316,796,0.397,75,205,0.366,96,124,0.774,57,207,264,210,62,19,108,143,803
2256,2002-03,00,1610612748,MIA,25.0,16,0,156.0,15,37,0.405,0,0,0.0,2,6,0.333,4,28,32,0,1,12,6,20,32
1800,2002-03,00,1610612758,SAC,26.0,49,1,709.0,80,210,0.381,44,121,0.364,20,27,0.741,11,59,70,80,18,4,23,42,224
224,2002-03,00,1610612748,MIA,31.0,47,47,1788.0,291,688,0.423,98,241,0.407,189,230,0.822,35,191,226,173,64,31,85,137,869
2410,2002-03,00,1610612754,IND,24.0,19,1,113.0,9,24,0.375,2,7,0.286,3,4,0.75,4,5,9,5,6,1,6,13,23
1908,2002-03,00,1610612739,CLE,24.0,80,12,2201.0,308,710,0.434,111,314,0.354,57,83,0.687,106,299,405,112,67,22,107,176,784
461,2002-03,00,1610612742,DAL,33.0,26,0,223.0,24,62,0.387,0,0,0.0,5,11,0.455,29,30,59,8,5,1,15,31,53
893,2002-03,00,1610612764,WAS,40.0,82,67,3029.0,679,1527,0.445,16,55,0.291,266,324,0.821,71,426,497,311,123,39,173,171,1640
431,2002-03,00,1610612753,ORL,33.0,79,55,1630.0,211,505,0.418,0,1,0.0,115,155,0.742,147,304,451,55,66,33,102,239,537
70,2002-03,00,1610612759,SAS,37.0,75,0,950.0,110,256,0.43,49,124,0.395,30,34,0.882,12,48,60,70,27,3,35,49,299
467,2002-03,00,1610612751,NJN,30.0,80,80,2989.0,515,1244,0.414,126,370,0.341,339,403,0.841,110,394,504,711,179,25,296,127,1495
1905,2002-03,00,1610612762,UTA,22.0,80,11,2214.0,315,642,0.491,37,114,0.325,296,370,0.8,147,273,420,138,118,175,136,185,963
954,2002-03,00,1610612751,NJN,29.0,65,57,1951.0,332,711,0.467,78,219,0.356,106,135,0.785,52,200,252,170,101,30,55,110,848
1510,2002-03,00,1610612763,MEM,27.0,55,4,928.0,97,228,0.425,2,8,0.25,20,37,0.541,15,66,81,233,69,2,94,123,216
969,2002-03,00,1610612752,NYK,28.0,32,0,287.0,25,65,0.385,0,1,0.0,10,13,0.769,18,44,62,14,8,9,10,44,60
389,2002-03,00,1610612749,MIL,34.0,63,0,1702.0,249,577,0.432,95,263,0.361,137,194,0.706,67,199,266,230,81,29,122,134,730
1711,2002-03,00,1610612742,DAL,27.0,69,43,1610.0,266,514,0.518,47,116,0.405,60,88,0.682,125,205,330,54,35,91,46,264,639
363,2002-03,00,1610612764,WAS,33.0,76,66,2215.0,255,516,0.494,2,16,0.125,120,144,0.833,114,388,502,235,82,40,87,206,632
2253,2002-03,00,1610612748,MIA,23.0,35,0,488.0,56,129,0.434,0,4,0.0,57,82,0.695,26,57,83,31,7,3,25,43,169
2061,2002-03,00,1610612756,PHX,25.0,60,0,538.0,81,202,0.401,9,31,0.29,12,20,0.6,19,68,87,21,15,6,16,58,183
702,2002-03,00,1610612761,TOR,30.0,63,24,1928.0,325,809,0.402,92,252,0.365,156,194,0.804,48,164,212,144,59,21,103,156,898
1740,2002-03,00,1610612760,SEA,23.0,77,77,3041.0,519,1149,0.452,75,217,0.346,283,345,0.82,152,351,503,133,99,35,143,205,1396
988,2002-03,00,1610612740,NOH,28.0,2,0,12.0,2,4,0.5,0,0,0.0,2,2,1.0,0,0,0,1,0,0,0,0,6
1609,2002-03,00,1610612755,PHI,30.0,19,0,131.0,19,50,0.38,1,1,1.0,1,5,0.2,13,27,40,2,2,8,9,22,40
1609,2002-03,00,1610612761,TOR,30.0,7,0,79.0,9,25,0.36,1,2,0.5,1,5,0.2,8,12,20,4,3,3,11,13,20
1609,2002-03,00,0,TOT,30.0,26,0,210.0,28,75,0.373,2,3,0.667,2,10,0.2,21,39,60,6,5,11,20,35,60
3,2002-03,00,1610612738,BOS,37.0,41,1,488.0,27,70,0.386,0,3,0.0,18,23,0.783,24,59,83,25,9,1,19,62,72
1731,2002-03,00,1610612764,WAS,26.0,75,24,1987.0,248,573,0.433,60,176,0.341,91,104,0.875,22,127,149,263,47,1,77,151,647
248,2002-03,00,1610612740,NOH,32.0,81,32,1496.0,147,359,0.409,28,79,0.354,41,74,0.554,139,214,353,104,66,19,52,136,363
1928,2002-03,00,1610612755,PHI,27.0,42,35,809.0,123,238,0.517,0,0,0.0,53,79,0.671,66,130,196,20,19,32,35,107,299
2432,2002-03,00,1610612745,HOU,22.0,9,0,34.0,3,12,0.25,0,3,0.0,5,8,0.625,1,6,7,5,3,1,3,4,11
2058,2002-03,00,1610612747,LAL,27.0,54,22,781.0,69,163,0.423,0,0,0.0,36,61,0.59,86,73,159,38,15,19,27,116,174
1894,2002-03,00,1610612746,LAC,23.0,64,57,2005.0,343,773,0.444,62,177,0.35,325,405,0.802,77,245,322,123,55,16,147,194,1073
2048,2002-03,00,1610612740,NOH,25.0,82,82,2443.0,305,635,0.48,0,3,0.0,231,322,0.717,260,464,724,88,49,111,158,276,841
252,2002-03,00,1610612762,UTA,39.0,81,81,2936.0,595,1289,0.462,3,14,0.214,474,621,0.763,113,515,628,379,136,31,210,204,1667
1074,2002-03,00,1610612737,ATL,31.0,14,0,103.0,8,25,0.32,5,15,0.333,3,5,0.6,1,6,7,17,4,0,5,9,24
330,2002-03,00,1610612765,DET,37.0,13,0,88.0,13,32,0.406,3,8,0.375,5,6,0.833,7,11,18,7,9,3,7,11,34
950,2002-03,00,1610612756,PHX,26.0,81,81,3240.0,671,1530,0.439,89,296,0.301,375,467,0.803,53,210,263,654,108,20,263,200,1806
1890,2002-03,00,1610612756,PHX,25.0,81,81,3375.0,662,1466,0.452,141,364,0.387,251,295,0.851,199,574,773,198,185,95,157,208,1716
1752,2002-03,00,1610612748,MIA,27.0,23,0,224.0,22,59,0.373,0,1,0.0,10,15,0.667,8,27,35,3,5,6,14,37,54
681,2002-03,00,1610612751,NJN,30.0,3,0,6.0,0,3,0.0,0,1,0.0,0,0,0.0,0,3,3,0,0,0,1,0,0
923,2002-03,00,1610612741,CHI,30.0,78,53,2376.0,421,918,0.459,33,87,0.379,167,221,0.756,234,465,699,137,95,85,135,234,1042
2030,2002-03,00,1610612751,NJN,25.0,77,77,2626.0,509,1082,0.47,9,43,0.209,256,392,0.653,164,476,640,185,98,70,192,294,1283
469,2002-03,00,1610612740,NOH,30.0,82,81,3326.0,670,1586,0.422,119,306,0.389,313,369,0.848,66,432,498,462,83,17,230,196,1772
193,2002-03,00,1610612749,MIL,36.0,65,58,2118.0,191,393,0.486,0,1,0.0,84,117,0.718,90,326,416,209,32,12,79,147,466
2046,2002-03,00,1610612760,SEA,25.0,52,15,1812.0,291,667,0.436,16,55,0.291,134,181,0.74,88,247,335,95,47,21,74,136,732
2046,2002-03,00,1610612749,MIL,25.0,28,25,953.0,166,350,0.474,5,17,0.294,78,102,0.765,66,122,188,68,20,11,41,74,415
2046,2002-03,00,0,TOT,25.0,80,40,2765.0,457,1017,0.449,21,72,0.292,212,283,0.749,154,369,523,163,67,32,115,210,1147
763,2002-03,00,1610612762,UTA,35.0,58,1,792.0,104,232,0.448,0,0,0.0,65,84,0.774,59,97,156,17,17,19,50,144,273
962,2002-03,00,1610612738,BOS,29.0,82,8,1949.0,173,418,0.414,91,248,0.367,61,98,0.622,64,224,288,106,78,28,67,188,498
1043,2002-03,00,1610612737,ATL,29.0,11,0,70.0,4,17,0.235,0,0,0.0,3,4,0.75,7,15,22,5,3,1,2,13,11
1741,2002-03,00,1610612761,TOR,25.0,67,25,1367.0,194,395,0.491,0,0,0.0,69,126,0.548,95,260,355,43,28,60,96,162,457
1503,2002-03,00,1610612753,ORL,24.0,75,74,2954.0,829,1813,0.457,173,448,0.386,576,726,0.793,121,367,488,411,124,59,195,156,2407
976,2002-03,00,1610612757,POR,28.0,75,1,1313.0,188,423,0.444,6,35,0.171,50,67,0.746,22,75,97,170,21,2,75,117,432
243,2002-03,00,1610612755,PHI,30.0,80,40,2378.0,286,666,0.429,37,112,0.33,112,134,0.836,61,289,350,278,131,9,109,177,721
2098,2002-03,00,1610612747,LAL,24.0,58,10,620.0,112,258,0.434,0,2,0.0,31,43,0.721,66,75,141,18,11,8,37,118,255
1500,2002-03,00,1610612754,IND,27.0,72,3,1670.0,244,597,0.409,3,16,0.188,65,81,0.802,32,122,154,112,49,14,54,123,556
2036,2002-03,00,1610612739,CLE,23.0,52,0,806.0,116,287,0.404,0,3,0.0,76,105,0.724,93,138,231,28,18,38,48,124,308
2032,2002-03,00,1610612739,CLE,21.0,67,62,2006.0,263,642,0.41,0,14,0.0,92,155,0.594,113,250,363,176,67,69,178,159,618
1889,2002-03,00,1610612746,LAC,27.0,80,80,2913.0,377,928,0.406,23,108,0.213,311,391,0.795,84,232,316,537,99,11,206,203,1088
1802,2002-03,00,1610612754,IND,27.0,73,72,2270.0,329,667,0.493,5,16,0.313,292,357,0.818,185,418,603,193,65,43,118,203,955
2034,2002-03,00,1610612753,ORL,23.0,49,39,1822.0,296,708,0.418,87,256,0.34,127,150,0.847,40,246,286,139,36,16,99,139,806
2034,2002-03,00,1610612763,MEM,23.0,16,13,363.0,77,151,0.51,22,44,0.5,29,36,0.806,6,49,55,31,6,5,26,34,205
2034,2002-03,00,0,TOT,23.0,65,52,2185.0,373,859,0.434,109,300,0.363,156,186,0.839,46,295,341,170,42,21,125,173,1011
397,2002-03,00,1610612754,IND,37.0,70,70,2117.0,281,637,0.441,113,318,0.355,207,230,0.9,21,151,172,170,62,4,66,89,882
168,2002-03,00,1610612744,GSW,33.0,21,0,264.0,39,106,0.368,7,25,0.28,16,18,0.889,19,31,50,22,7,3,10,29,101
2397,2002-03,00,1610612745,HOU,22.0,82,72,2382.0,401,805,0.498,1,2,0.5,301,371,0.811,196,479,675,137,31,147,173,230,1104
1749,2002-03,00,1610612745,HOU,27.0,73,73,3041.0,463,1067,0.434,112,318,0.352,242,282,0.858,70,233,303,208,95,36,166,185,1280
1737,2002-03,00,1610612737,ATL,25.0,35,0,445.0,67,159,0.421,0,0,0.0,26,41,0.634,47,82,129,6,16,21,25,79,160
2040,2002-03,00,1610612740,NOH,25.0,51,1,644.0,89,171,0.52,0,0,0.0,27,41,0.659,59,119,178,22,19,44,46,87,205
1630,2002-03,00,1610612738,BOS,27.0,3,0,12.0,0,1,0.0,0,0,0.0,0,0,0.0,1,0,1,0,0,2,0,6,0
1630,2002-03,00,1610612737,ATL,27.0,5,0,31.0,5,12,0.417,0,0,0.0,8,10,0.8,5,2,7,3,0,2,2,1,18
1630,2002-03,00,0,TOT,27.0,8,0,43.0,5,13,0.385,0,0,0.0,8,10,0.8,6,2,8,3,0,4,2,7,18
2242,2002-03,00,1610612745,HOU,24.0,49,0,633.0,82,176,0.466,7,32,0.219,11,14,0.786,40,88,128,25,8,17,29,35,182
2211,2002-03,00,1610612744,GSW,23.0,79,79,2510.0,338,749,0.451,3,14,0.214,244,290,0.841,228,578,806,106,65,30,111,246,923
2436,2002-03,00,1610612749,MIL,23.0,12,0,42.0,9,26,0.346,0,4,0.0,5,8,0.625,0,1,1,3,4,0,4,0,23
2436,2002-03,00,1610612760,SEA,23.0,2,0,20.0,2,5,0.4,0,1,0.0,0,0,0.0,0,3,3,2,0,0,4,0,4
2436,2002-03,00,0,TOT,23.0,14,0,63.0,11,31,0.355,0,5,0.0,5,8,0.625,0,4,4,5,4,0,8,0,27
145,2002-03,00,1610612747,LAL,31.0,31,0,189.0,23,71,0.324,8,38,0.211,7,9,0.778,5,18,23,12,5,3,14,22,61
87,2002-03,00,1610612751,NJN,37.0,24,16,515.0,49,131,0.374,0,0,0.0,40,55,0.727,54,99,153,19,4,37,34,54,138
2411,2002-03,00,1610612745,HOU,22.0,14,1,78.0,11,31,0.355,2,10,0.2,5,10,0.5,3,8,11,3,2,2,6,13,29
1924,2002-03,00,1610612752,NYK,28.0,38,0,406.0,84,190,0.442,0,1,0.0,42,51,0.824,32,38,70,26,6,3,32,46,210
2059,2002-03,00,1610612742,DAL,26.0,48,12,1103.0,129,231,0.558,0,1,0.0,62,91,0.681,90,133,223,47,40,22,23,129,320
959,2002-03,00,1610612742,DAL,29.0,82,82,2712.0,518,1114,0.465,111,269,0.413,308,339,0.909,63,171,234,598,85,6,192,134,1455
1725,2002-03,00,1610612750,MIN,27.0,77,77,2337.0,400,762,0.525,0,2,0.0,61,95,0.642,146,358,504,114,39,116,99,256,861
1956,2002-03,00,1610612737,ATL,28.0,73,45,1927.0,231,467,0.495,32,84,0.381,70,90,0.778,86,185,271,99,50,26,69,174,564
983,2002-03,00,1610612745,HOU,29.0,82,3,1376.0,134,330,0.406,11,45,0.244,78,114,0.684,37,122,159,196,55,4,86,72,357
1717,2002-03,00,1610612742,DAL,25.0,80,80,3121.0,690,1489,0.463,148,390,0.379,483,548,0.881,81,710,791,239,111,82,152,206,2011
979,2002-03,00,1610612754,IND,24.0,77,76,2863.0,610,1260,0.484,7,21,0.333,373,510,0.731,202,594,796,155,66,178,180,277,1600
406,2002-03,00,1610612747,LAL,31.0,67,66,2535.0,695,1211,0.574,0,0,0.0,451,725,0.622,259,483,742,206,38,159,196,229,1841
891,2002-03,00,1610612764,WAS,39.0,42,1,515.0,23,55,0.418,0,0,0.0,28,34,0.824,37,70,107,40,13,6,21,90,74
1885,2002-03,00,1610612746,LAC,23.0,49,47,1679.0,268,611,0.439,42,129,0.326,136,175,0.777,59,267,326,178,42,41,140,181,714
2246,2002-03,00,1610612765,DET,24.0,72,9,1366.0,180,423,0.426,38,112,0.339,96,131,0.733,117,218,335,71,25,39,66,167,494
2352,2002-03,00,1610612744,GSW,24.0,15,0,94.0,7,29,0.241,1,6,0.167,7,8,0.875,8,8,16,23,7,0,10,9,22
1563,2002-03,00,1610612749,MIL,30.0,53,4,1130.0,117,255,0.459,1,5,0.2,68,91,0.747,12,87,99,181,37,4,36,71,303
1563,2002-03,00,1610612760,SEA,30.0,29,1,770.0,82,186,0.441,1,1,1.0,66,87,0.759,13,70,83,110,32,1,36,51,231
1563,2002-03,00,0,TOT,30.0,82,5,1900.0,199,441,0.451,2,6,0.333,134,178,0.753,25,157,182,291,69,5,72,122,534
1709,2002-03,00,1610612746,LAC,28.0,36,36,1370.0,186,436,0.427,0,0,0.0,69,105,0.657,57,271,328,47,18,79,98,110,441
731,2002-03,00,1610612762,UTA,30.0,81,74,1927.0,169,326,0.518,0,0,0.0,100,196,0.51,180,323,503,55,20,147,104,235,438
448,2002-03,00,1610612756,PHX,32.0,80,20,1800.0,153,278,0.55,0,2,0.0,72,116,0.621,134,234,368,112,50,71,76,194,378
2442,2002-03,00,1610612763,MEM,24.0,1,0,6.0,2,3,0.667,0,0,0.0,0,0,0.0,1,0,1,0,0,0,1,0,4
2071,2002-03,00,1610612753,ORL,22.0,27,3,144.0,10,23,0.435,0,0,0.0,7,11,0.636,10,40,50,5,5,3,5,30,27
123,2002-03,00,1610612740,NOH,34.0,28,4,438.0,52,129,0.403,0,5,0.0,41,55,0.745,11,40,51,81,25,0,40,35,145
1909,2002-03,00,1610612762,UTA,27.0,82,2,1323.0,170,423,0.402,45,133,0.338,81,107,0.757,83,189,272,86,41,24,70,148,466
1960,2002-03,00,1610612739,CLE,25.0,80,46,1976.0,162,388,0.418,8,37,0.216,65,87,0.747,48,187,235,259,68,16,131,168,397
2457,2002-03,00,1610612747,LAL,23.0,34,0,339.0,37,93,0.398,7,24,0.292,4,4,1.0,9,28,37,39,13,2,23,45,85
2470,2002-03,00,1610612739,CLE,22.0,66,18,1101.0,136,338,0.402,38,118,0.322,98,118,0.831,29,90,119,162,48,12,133,106,408
2225,2002-03,00,1610612759,SAS,21.0,82,82,2774.0,484,1043,0.464,82,243,0.337,219,290,0.755,33,183,216,432,71,4,198,174,1269
685,2002-03,00,1610612746,LAC,30.0,30,18,648.0,82,163,0.503,1,2,0.5,23,38,0.605,46,86,132,21,16,20,18,52,188
1739,2002-03,00,1610612757,POR,27.0,78,17,1658.0,254,516,0.492,3,20,0.15,138,220,0.627,120,144,264,101,73,29,117,161,649
56,2002-03,00,1610612760,SEA,34.0,52,52,2125.0,444,992,0.448,34,114,0.298,162,234,0.692,56,192,248,457,93,12,131,117,1084
56,2002-03,00,1610612749,MIL,34.0,28,28,1084.0,221,474,0.466,20,68,0.294,88,118,0.746,23,63,86,206,40,8,56,64,550
56,2002-03,00,0,TOT,34.0,80,80,3210.0,665,1466,0.454,54,182,0.297,250,352,0.71,79,255,334,663,133,20,187,181,1634
324,2002-03,00,1610612750,MIN,33.0,82,39,2245.0,252,609,0.414,87,212,0.41,39,50,0.78,40,201,241,244,72,13,82,161,630
445,2002-03,00,1610612763,MEM,32.0,66,44,1939.0,274,601,0.456,100,231,0.433,79,97,0.814,24,168,192,112,42,19,56,64,727
2050,2002-03,00,1610612761,TOR,25.0,82,80,2945.0,421,1073,0.392,116,344,0.337,195,247,0.789,97,266,363,188,88,32,128,232,1153
15,2002-03,00,1610612746,LAC,32.0,62,26,1361.0,210,446,0.471,80,201,0.398,101,122,0.828,44,112,156,70,33,9,56,92,601
1718,2002-03,00,1610612738,BOS,25.0,79,79,3097.0,663,1592,0.416,118,391,0.302,604,753,0.802,106,472,578,349,139,62,288,227,2048
937,2002-03,00,1610612757,POR,37.0,64,58,1911.0,265,597,0.444,38,133,0.286,121,148,0.818,57,221,278,285,105,25,164,149,689
1513,2002-03,00,1610612758,SAC,28.0,23,0,324.0,40,87,0.46,0,0,0.0,23,38,0.605,46,60,106,6,13,15,15,50,103
1899,2002-03,00,1610612743,DEN,26.0,25,24,872.0,121,324,0.373,24,88,0.273,86,102,0.843,38,107,145,78,29,6,66,63,352
1899,2002-03,00,1610612745,HOU,26.0,58,47,1646.0,188,428,0.439,46,141,0.326,119,144,0.826,52,229,281,106,77,9,78,134,541
1899,2002-03,00,0,TOT,26.0,83,71,2518.0,309,752,0.411,70,229,0.306,205,246,0.833,90,336,426,184,106,15,144,197,893
2068,2002-03,00,1610612752,NYK,25.0,12,0,99.0,14,38,0.368,2,7,0.286,13,15,0.867,1,3,4,3,2,0,7,9,43
958,2002-03,00,1610612760,SEA,28.0,26,2,401.0,41,93,0.441,0,0,0.0,22,29,0.759,25,64,89,4,9,8,25,46,104
2419,2002-03,00,1610612765,DET,23.0,42,5,435.0,53,118,0.449,20,47,0.426,11,17,0.647,5,40,45,24,10,14,21,25,137
2038,2002-03,00,1610612749,MIL,23.0,32,17,547.0,18,46,0.391,0,0,0.0,12,24,0.5,48,97,145,12,10,45,19,85,48
2209,2002-03,00,1610612760,SEA,22.0,72,16,1910.0,274,668,0.41,104,293,0.355,72,102,0.706,76,247,323,97,64,22,100,136,724
2080,2002-03,00,1610612750,MIN,25.0,42,0,240.0,22,58,0.379,5,12,0.417,29,36,0.806,4,13,17,33,4,0,23,25,78
2216,2002-03,00,1610612757,POR,21.0,77,11,1301.0,264,515,0.513,0,5,0.0,122,161,0.758,139,204,343,41,42,14,62,141,650
689,2002-03,00,1610612737,ATL,30.0,81,81,2518.0,276,595,0.464,0,0,0.0,154,214,0.72,154,453,607,73,56,262,137,271,706
1442,2002-03,00,1610612765,DET,31.0,30,12,490.0,80,145,0.552,0,0,0.0,38,48,0.792,27,65,92,9,6,17,29,79,198
2072,2002-03,00,1610612749,MIL,23.0,82,14,2316.0,455,971,0.469,182,416,0.438,149,185,0.805,98,273,371,117,100,13,74,143,1241
690,2002-03,00,1610612765,DET,29.0,1,0,10.0,0,3,0.0,0,0,0.0,1,2,0.5,0,0,0,0,0,0,0,4,1
981,2002-03,00,1610612755,PHI,27.0,35,0,143.0,20,59,0.339,4,8,0.5,8,9,0.889,10,16,26,7,6,2,4,21,52
779,2002-03,00,1610612745,HOU,36.0,62,26,1534.0,196,457,0.429,101,254,0.398,63,83,0.759,28,126,154,65,23,5,55,99,556
2202,2002-03,00,1610612744,GSW,22.0,82,82,2697.0,476,1161,0.41,123,334,0.368,207,271,0.764,111,267,378,247,90,23,179,201,1282
2047,2002-03,00,1610612746,LAC,23.0,59,13,1368.0,203,546,0.372,61,198,0.308,85,124,0.685,98,183,281,52,35,10,64,92,552
2541,2002-03,00,1610612742,DAL,31.0,11,0,89.0,8,35,0.229,1,5,0.2,0,0,0.0,4,4,8,6,3,0,6,11,17
764,2002-03,00,1610612759,SAS,37.0,64,64,1672.0,197,420,0.469,0,0,0.0,152,214,0.71,163,345,508,61,52,111,83,126,546
1944,2002-03,00,1610612741,CHI,27.0,64,18,1355.0,155,315,0.492,3,14,0.214,51,63,0.81,76,124,200,66,62,13,52,120,364
299,2002-03,00,1610612737,ATL,30.0,69,68,2591.0,539,1248,0.432,90,263,0.342,268,306,0.876,86,371,457,205,91,26,248,183,1436
915,2002-03,00,1610612751,NJN,32.0,68,0,1307.0,183,455,0.402,44,132,0.333,68,90,0.756,61,202,263,107,50,31,91,192,478
399,2002-03,00,1610612746,LAC,33.0,70,38,1343.0,125,297,0.421,0,1,0.0,47,58,0.81,53,163,216,69,34,44,66,174,297
147,2002-03,00,1610612741,CHI,30.0,82,82,3353.0,642,1583,0.406,133,359,0.37,399,467,0.854,68,283,351,395,72,23,285,271,1816
990,2002-03,00,1610612759,SAS,28.0,79,13,1933.0,289,630,0.459,2,5,0.4,242,306,0.791,148,358,506,124,57,40,170,206,822
2462,2002-03,00,1610612744,GSW,25.0,3,0,3.0,0,0,0.0,0,0,0.0,0,0,0.0,0,1,1,1,0,0,0,1,0
2416,2002-03,00,1610612747,LAL,22.0,76,0,872.0,96,244,0.393,19,68,0.279,16,23,0.696,26,68,94,68,10,11,63,71,227
935,2002-03,00,1610612764,WAS,32.0,70,23,1390.0,108,306,0.353,46,140,0.329,53,69,0.768,43,165,208,72,70,7,55,130,315
717,2002-03,00,1610612757,POR,38.0,78,1,1209.0,172,361,0.476,3,6,0.5,129,164,0.787,88,247,335,142,61,49,75,141,476
2422,2002-03,00,1610612755,PHI,23.0,64,1,504.0,48,116,0.414,10,31,0.323,26,35,0.743,16,43,59,47,17,6,29,53,132
2066,2002-03,00,1610612747,LAL,25.0,13,1,77.0,10,24,0.417,0,0,0.0,2,2,1.0,10,13,23,4,0,5,2,13,22
2441,2002-03,00,1610612749,MIL,20.0,5,0,9.0,0,2,0.0,0,0,0.0,0,0,0.0,1,1,2,1,1,0,0,0,0
2143,2002-03,00,1610612765,DET,26.0,9,0,36.0,0,5,0.0,0,0,0.0,0,0,0.0,4,2,6,8,5,0,2,3,0
2219,2002-03,00,1610612753,ORL,24.0,75,4,1024.0,64,207,0.309,13,44,0.295,53,78,0.679,64,120,184,65,45,12,39,91,194
2261,2002-03,00,1610612743,DEN,22.0,22,6,420.0,51,165,0.309,5,28,0.179,16,23,0.696,12,23,35,53,18,2,36,30,123
2261,2002-03,00,1610612755,PHI,22.0,17,0,79.0,4,18,0.222,0,0,0.0,1,2,0.5,4,4,8,15,2,0,7,6,9
2261,2002-03,00,0,TOT,22.0,39,6,499.0,55,183,0.301,5,28,0.179,17,25,0.68,16,27,43,68,20,2,43,36,132
2453,2002-03,00,1610612743,DEN,27.0,27,0,256.0,29,93,0.312,4,26,0.154,21,29,0.724,9,16,25,22,14,1,21,33,83
2243,2002-03,00,1610612751,NJN,25.0,59,7,724.0,68,169,0.402,14,39,0.359,30,36,0.833,40,101,141,46,16,18,46,77,180
1738,2002-03,00,1610612760,SEA,26.0,45,4,448.0,41,107,0.383,0,0,0.0,12,21,0.571,34,39,73,23,14,5,25,62,94
216,2002-03,00,1610612747,LAL,37.0,72,0,900.0,101,261,0.387,38,109,0.349,10,15,0.667,20,99,119,103,32,13,54,62,250
2321,2002-03,00,1610612737,ATL,25.0,2,0,6.0,0,4,0.0,0,0,0.0,0,0,0.0,0,1,1,0,0,0,0,0,0
2250,2002-03,00,1610612764,WAS,23.0,36,2,378.0,44,112,0.393,0,5,0.0,32,35,0.914,33,44,77,20,10,3,8,51,120
1730,2002-03,00,1610612755,PHI,27.0,77,9,1384.0,182,331,0.55,0,0,0.0,97,161,0.602,136,230,366,19,47,53,62,176,461
1073,2002-03,00,1610612750,MIN,32.0,26,0,142.0,27,50,0.54,0,0,0.0,27,45,0.6,18,13,31,4,6,1,9,31,81
2447,2002-03,00,1610612751,NJN,23.0,36,0,274.0,39,103,0.379,7,25,0.28,7,10,0.7,8,23,31,14,14,3,20,31,92
693,2002-03,00,1610612750,MIN,27.0,54,21,1117.0,151,328,0.46,0,2,0.0,102,131,0.779,111,159,270,38,14,55,43,171,404
727,2002-03,00,1610612755,PHI,30.0,82,82,3109.0,361,799,0.452,7,32,0.219,325,379,0.858,71,230,301,544,133,11,194,235,1054
84,2002-03,00,1610612752,NYK,32.0,74,73,2858.0,454,1127,0.403,134,360,0.372,173,218,0.794,45,240,285,332,102,22,172,134,1215
711,2002-03,00,1610612764,WAS,28.0,70,70,2748.0,491,1201,0.409,71,245,0.29,455,518,0.878,61,197,258,316,65,28,193,130,1508
1735,2002-03,00,1610612748,MIA,27.0,79,6,1594.0,185,427,0.433,0,0,0.0,71,134,0.53,211,343,554,24,45,40,69,169,441
2052,2002-03,00,1610612762,UTA,22.0,61,8,761.0,114,284,0.401,4,12,0.333,47,68,0.691,22,63,85,40,22,8,49,57,279
1565,2002-03,00,1610612739,CLE,28.0,47,0,251.0,14,37,0.378,0,0,0.0,8,12,0.667,19,36,55,6,2,15,10,42,36
304,2002-03,00,1610612762,UTA,41.0,82,82,2273.0,309,640,0.483,29,80,0.363,237,287,0.826,51,150,201,629,137,16,182,184,884
978,2002-03,00,1610612758,SAC,26.0,72,72,2451.0,497,1034,0.481,155,406,0.382,231,264,0.875,61,336,397,141,72,5,101,143,1380
757,2002-03,00,1610612757,POR,29.0,59,27,1314.0,156,415,0.376,44,114,0.386,53,67,0.791,40,115,155,204,39,6,82,67,409
2405,2002-03,00,1610612756,PHX,20.0,82,71,2570.0,392,830,0.472,2,10,0.2,320,484,0.661,250,471,721,78,62,87,189,269,1106
1065,2002-03,00,1610612754,IND,29.0,71,10,1275.0,163,380,0.429,62,160,0.388,70,87,0.805,23,122,145,209,38,7,98,111,458
1110,2002-03,00,1610612742,DAL,32.0,4,0,13.0,2,5,0.4,0,0,0.0,0,0,0.0,5,2,7,0,0,0,1,1,4
393,2002-03,00,1610612750,MIN,36.0,47,8,956.0,120,278,0.432,1,11,0.091,79,107,0.738,20,75,95,215,46,6,76,55,320
1743,2002-03,00,1610612738,BOS,23.0,26,0,139.0,14,56,0.25,4,16,0.25,0,2,0.0,8,20,28,7,6,3,9,24,32
682,2002-03,00,1610612744,GSW,30.0,55,0,1130.0,135,328,0.412,28,85,0.329,103,148,0.696,58,109,167,177,45,2,82,108,401
2031,2002-03,00,1610612763,MEM,23.0,67,26,1478.0,235,489,0.481,0,2,0.0,177,245,0.722,114,270,384,45,55,104,99,152,647
1887,2002-03,00,1610612750,MIN,26.0,52,42,1834.0,351,729,0.481,61,145,0.421,150,173,0.867,53,188,241,136,44,22,87,123,913
1891,2002-03,00,1610612737,ATL,25.0,81,81,3084.0,488,1141,0.428,160,431,0.371,259,292,0.887,37,242,279,600,126,14,249,175,1395
2041,2002-03,00,1610612764,WAS,25.0,38,0,514.0,61,124,0.492,0,0,0.0,60,94,0.638,70,95,165,3,8,23,33,66,182
1903,2002-03,00,1610612745,HOU,25.0,20,14,585.0,82,190,0.432,0,0,0.0,33,45,0.733,45,92,137,39,16,6,40,49,197
1903,2002-03,00,1610612755,PHI,25.0,46,28,1395.0,178,369,0.482,0,0,0.0,114,152,0.75,140,252,392,73,46,22,76,120,470
1903,2002-03,00,0,TOT,25.0,66,42,1980.0,260,559,0.465,0,0,0.0,147,197,0.746,185,344,529,112,62,28,116,169,667
703,2002-03,00,1610612752,NYK,30.0,81,81,2575.0,497,1028,0.483,2,3,0.667,138,184,0.75,160,477,637,162,81,97,138,344,1134
1501,2002-03,00,1610612749,MIL,26.0,80,70,2360.0,412,930,0.443,97,265,0.366,145,186,0.78,97,292,389,102,70,49,133,257,1066
2224,2002-03,00,1610612754,IND,25.0,73,69,2238.0,220,556,0.396,46,166,0.277,80,112,0.714,58,202,260,548,125,18,192,201,566
2351,2002-03,00,1610612744,GSW,26.0,17,0,104.0,16,36,0.444,7,13,0.538,14,20,0.7,3,9,12,3,4,2,8,9,53
1714,2002-03,00,1610612740,NOH,26.0,69,0,851.0,105,237,0.443,1,3,0.333,57,88,0.648,108,154,262,50,45,37,53,153,268
718,2002-03,00,1610612750,MIN,28.0,80,22,1223.0,208,389,0.535,0,2,0.0,60,101,0.594,106,185,291,77,32,23,59,142,476
2244,2002-03,00,1610612743,DEN,23.0,8,0,97.0,17,40,0.425,4,8,0.5,7,7,1.0,8,8,16,6,8,0,8,5,45
2456,2002-03,00,1610612763,MEM,23.0,15,0,88.0,5,20,0.25,0,0,0.0,4,10,0.4,6,8,14,1,0,6,8,13,14
2054,2002-03,00,1610612756,PHX,24.0,33,27,542.0,61,135,0.452,0,0,0.0,39,58,0.672,45,77,122,13,6,17,26,80,161
2401,2002-03,00,1610612743,DEN,20.0,81,16,1320.0,115,393,0.293,37,152,0.243,48,65,0.738,64,117,181,91,31,29,84,136,315
2045,2002-03,00,1610612758,SAC,24.0,67,11,1178.0,165,391,0.422,29,78,0.372,88,110,0.8,35,153,188,87,25,12,50,125,447
89,2002-03,00,1610612742,DAL,31.0,73,1,2026.0,342,831,0.412,118,312,0.378,110,144,0.764,35,173,208,312,42,4,123,86,912
1496,2002-03,00,1610612755,PHI,27.0,74,73,2341.0,459,952,0.482,65,176,0.369,193,240,0.804,159,365,524,93,63,30,150,251,1176
1521,2002-03,00,1610612753,ORL,28.0,80,48,1690.0,184,411,0.448,8,34,0.235,97,125,0.776,26,92,118,232,64,2,97,169,473
2063,2002-03,00,1610612756,PHX,25.0,65,1,947.0,92,163,0.564,0,0,0.0,64,96,0.667,97,128,225,36,18,29,48,172,248
2402,2002-03,00,1610612739,CLE,20.0,47,24,1385.0,223,605,0.369,55,174,0.316,128,160,0.8,20,62,82,130,38,7,85,107,629
952,2002-03,00,1610612738,BOS,26.0,78,78,3235.0,603,1554,0.388,188,582,0.323,176,286,0.615,99,464,563,373,116,31,260,221,1570
955,2002-03,00,1610612747,LAL,27.0,67,39,1244.0,115,274,0.42,0,1,0.0,66,101,0.653,115,253,368,64,20,55,56,143,296
1112,2002-03,00,1610612765,DET,28.0,73,73,2871.0,210,437,0.481,1,6,0.167,85,189,0.45,293,833,1126,120,104,230,88,179,506
2222,2002-03,00,1610612758,SAC,20.0,47,7,573.0,90,183,0.492,1,4,0.25,39,74,0.527,38,90,128,23,24,15,44,68,220
739,2002-03,00,1610612757,POR,28.0,74,74,2684.0,515,1094,0.471,110,307,0.358,200,272,0.735,113,435,548,153,70,77,140,223,1340
369,2002-03,00,1610612752,NYK,32.0,66,6,1467.0,165,414,0.399,101,267,0.378,41,53,0.774,25,152,177,306,78,11,95,146,472
2248,2002-03,00,1610612763,MEM,24.0,79,2,1362.0,170,391,0.435,31,91,0.341,62,86,0.721,46,118,164,225,89,14,88,138,433
185,2002-03,00,1610612758,SAC,30.0,67,67,2617.0,661,1433,0.461,5,21,0.238,215,354,0.607,160,544,704,364,106,88,215,204,1542
1719,2002-03,00,1610612757,POR,26.0,75,65,2397.0,437,990,0.441,38,130,0.292,226,313,0.722,98,296,394,246,123,18,215,220,1138
2412,2002-03,00,1610612744,GSW,23.0,37,0,230.0,19,75,0.253,1,4,0.25,22,29,0.759,12,16,28,27,8,2,19,32,61
133,2002-03,00,1610612740,NOH,32.0,73,73,2710.0,449,1037,0.433,134,316,0.424,185,237,0.781,38,137,175,251,109,9,132,173,1217
1751,2002-03,00,1610612764,WAS,27.0,16,8,230.0,25,53,0.472,0,0,0.0,17,25,0.68,37,36,73,2,1,12,9,33,67
2206,2002-03,00,1610612743,DEN,23.0,72,19,1565.0,260,638,0.408,32,134,0.239,98,125,0.784,43,170,213,121,45,32,156,134,650
43,2002-03,00,1610612743,DEN,31.0,29,20,761.0,94,261,0.36,43,128,0.336,46,57,0.807,1,45,46,124,17,1,55,77,277
43,2002-03,00,1610612753,ORL,31.0,22,1,289.0,30,88,0.341,7,36,0.194,11,12,0.917,2,19,21,21,12,1,16,15,78
43,2002-03,00,0,TOT,31.0,51,21,1050.0,124,349,0.355,50,164,0.305,57,69,0.826,3,64,67,145,29,2,71,92,355
2404,2002-03,00,1610612746,LAC,20.0,46,3,480.0,73,140,0.521,0,0,0.0,25,50,0.5,32,72,104,21,7,12,26,65,171
2366,2002-03,00,1610612737,ATL,24.0,15,7,364.0,29,81,0.358,6,17,0.353,21,29,0.724,9,32,41,42,16,1,16,38,85
2366,2002-03,00,1610612750,MIN,24.0,31,0,325.0,21,67,0.313,4,18,0.222,16,18,0.889,11,19,30,50,11,3,12,31,62
2366,2002-03,00,0,TOT,24.0,46,7,690.0,50,148,0.338,10,35,0.286,37,47,0.787,20,51,71,92,27,4,28,69,147
1425,2002-03,00,1610612751,NJN,31.0,81,0,1601.0,199,439,0.453,0,1,0.0,102,130,0.785,137,194,331,88,27,57,85,206,500
1541,2002-03,00,1610612761,TOR,28.0,78,78,2638.0,396,905,0.438,48,146,0.329,187,239,0.782,55,190,245,416,111,21,128,170,1027
1585,2002-03,00,1610612737,ATL,28.0,6,0,20.0,1,7,0.143,0,1,0.0,0,0,0.0,2,0,2,0,2,0,3,4,2
677,2002-03,00,1610612738,BOS,30.0,82,79,2350.0,254,575,0.442,37,110,0.336,201,268,0.75,143,239,382,140,86,19,97,234,746
1715,2002-03,00,1610612763,MEM,27.0,76,76,2405.0,333,859,0.388,143,404,0.354,110,131,0.84,25,187,212,631,91,10,168,130,919
2398,2002-03,00,1610612741,CHI,21.0,75,54,1962.0,273,685,0.399,65,202,0.322,103,161,0.64,27,168,195,350,86,17,171,179,714
966,2002-03,00,1610612761,TOR,30.0,71,63,2346.0,267,535,0.499,1,6,0.167,156,281,0.555,231,419,650,95,116,26,98,197,691
42,2002-03,00,1610612755,PHI,31.0,21,2,277.0,34,80,0.425,0,2,0.0,24,32,0.75,12,33,45,26,12,5,17,33,92
281,2002-03,00,1610612756,PHX,35.0,69,33,875.0,120,292,0.411,0,2,0.0,33,42,0.786,72,121,193,22,27,21,32,159,273
1742,2002-03,00,1610612738,BOS,28.0,51,2,1169.0,134,338,0.396,56,159,0.352,48,57,0.842,12,98,110,128,61,3,61,84,372
1742,2002-03,00,1610612743,DEN,28.0,27,9,712.0,94,241,0.39,37,102,0.363,30,45,0.667,12,49,61,138,16,3,53,56,255
1742,2002-03,00,0,TOT,28.0,78,11,1876.0,228,579,0.394,93,261,0.356,78,102,0.765,24,147,171,266,77,6,114,140,627
1005,2002-03,00,1610612742,DAL,33.0,66,1,1162.0,134,341,0.393,64,171,0.374,31,50,0.62,53,154,207,59,42,26,35,141,363
722,2002-03,00,1610612765,DET,29.0,82,1,2060.0,374,826,0.453,2,11,0.182,237,300,0.79,147,211,358,104,44,27,126,238,987
788,2002-03,00,1610612759,SAS,40.0,71,6,843.0,123,257,0.479,0,2,0.0,51,83,0.614,83,143,226,24,20,20,60,120,297
2106,2002-03,00,1610612738,BOS,29.0,7,0,24.0,2,4,0.5,0,1,0.0,1,4,0.25,0,1,1,1,0,0,1,3,5
2254,2002-03,00,1610612750,MIN,25.0,38,11,351.0,29,76,0.382,1,3,0.333,21,27,0.778,27,68,95,19,10,13,23,37,80
2417,2002-03,00,1610612757,POR,22.0,53,0,335.0,59,118,0.5,3,9,0.333,7,20,0.35,15,38,53,12,15,1,23,36,128
1897,2002-03,00,1610612754,IND,23.0,69,67,2317.0,362,846,0.428,71,211,0.336,273,371,0.736,101,261,362,198,159,50,145,242,1068
953,2002-03,00,1610612763,MEM,27.0,70,49,1984.0,325,716,0.454,0,5,0.0,147,223,0.659,170,358,528,80,51,54,110,209,797
2428,2002-03,00,1610612743,DEN,22.0,59,39,1379.0,168,428,0.393,21,78,0.269,49,62,0.79,36,126,162,130,57,33,81,145,406
1542,2002-03,00,1610612760,SEA,27.0,82,69,1982.0,325,789,0.412,30,85,0.353,91,115,0.791,111,209,320,86,48,38,65,180,771
358,2002-03,00,1610612756,PHX,31.0,58,51,1777.0,256,573,0.447,26,73,0.356,77,97,0.794,66,192,258,235,66,26,145,150,615
2427,2002-03,00,1610612741,CHI,22.0,17,0,114.0,11,31,0.355,6,18,0.333,2,2,1.0,2,10,12,12,4,0,5,20,30
2370,2002-03,00,1610612759,SAS,27.0,12,0,47.0,4,17,0.235,1,3,0.333,0,2,0.0,2,8,10,4,0,0,6,14,9
2055,2002-03,00,1610612761,TOR,28.0,22,8,366.0,43,96,0.448,0,0,0.0,34,47,0.723,29,53,82,7,8,32,21,58,120
2403,2002-03,00,1610612743,DEN,20.0,80,53,2258.0,321,619,0.519,0,3,0.0,197,341,0.578,208,283,491,149,127,65,181,295,839
361,2002-03,00,1610612765,DET,36.0,81,69,2825.0,372,935,0.398,87,259,0.336,161,238,0.676,81,237,318,268,87,88,158,259,992
1520,2002-03,00,1610612757,POR,27.0,3,0,13.0,1,4,0.25,0,1,0.0,3,4,0.75,0,0,0,1,1,0,1,3,5
120,2002-03,00,1610612759,SAS,34.0,53,18,1032.0,113,291,0.388,39,118,0.331,95,114,0.833,21,78,99,70,28,9,43,79,360
1508,2002-03,00,1610612745,HOU,26.0,67,9,1380.0,231,535,0.432,0,2,0.0,100,138,0.725,95,143,238,66,22,22,100,151,562
1917,2002-03,00,1610612746,LAC,25.0,41,1,412.0,62,162,0.383,16,47,0.34,42,58,0.724,26,51,77,10,8,10,31,41,182
221,2002-03,00,1610612752,NYK,32.0,79,19,2026.0,186,414,0.449,0,0,0.0,149,194,0.768,214,385,599,68,69,36,63,174,521
2421,2002-03,00,1610612752,NYK,23.0,21,0,167.0,9,33,0.273,6,16,0.375,4,6,0.667,3,15,18,34,7,2,17,20,28
